country,year
AUS,2005
AUS,2006
AUS,2007
AUS,2008
AUS,2009
AUS,2012
AUS,2013
AUS,2014
AUS,2015
AUS,2016
AUS,2017
AUS,2018
AUS,2019
AUS,2020
AUS,2021
AUS,2022
AUT,1995
AUT,2000
AUT,2005
AUT,2010
AUT,2011
AUT,2012
AUT,2013
AUT,2014
AUT,2015
AUT,2016
AUT,2017
AUT,2018
AUT,2019
AUT,2020
AUT,2021
BEL,1995
BEL,2000
BEL,2005
BEL,2010
BEL,2011
BEL,2012
BEL,2013
BEL,2014
BEL,2015
BEL,2016
BEL,2019
BEL,2020
BEL,2021
BGR,2010
BRA,2010
BRA,2015
CAN,2010
CAN,2011
CAN,2012
CAN,2013
CAN,2014
CAN,2015
CAN,2016
CAN,2017
CAN,2018
CAN,2019
CAN,2020
CAN,2021
CHL,2008
CHL,2018
CHL,2019
CHL,2020
CHL,2021
CHL,2022
COL,2014
COL,2015
COL,2016
COL,2017
COL,2018
COL,2019
COL,2020
COL,2021
COL,2022
CYP,2010
CYP,2011
CYP,2012
CYP,2013
CYP,2014
CYP,2015
CYP,2016
CYP,2017
CYP,2018
CYP,2019
CYP,2020
CYP,2021
CZE,1995
CZE,1996
CZE,1997
CZE,1998
CZE,1999
CZE,2000
CZE,2001
CZE,2002
CZE,2003
CZE,2004
CZE,2005
CZE,2006
CZE,2007
CZE,2008
CZE,2009
CZE,2010
CZE,2011
CZE,2012
CZE,2013
CZE,2014
CZE,2015
CZE,2016
CZE,2017
CZE,2018
CZE,2019
CZE,2020
CZE,2021
CZE,2022
DEU,1995
DEU,1996
DEU,1997
DEU,1998
DEU,1999
DEU,2000
DEU,2001
DEU,2002
DEU,2003
DEU,2004
DEU,2005
DEU,2006
DEU,2007
DEU,2008
DEU,2009
DEU,2010
DEU,2011
DEU,2012
DEU,2013
DEU,2014
DEU,2015
DEU,2016
DEU,2017
DEU,2018
DEU,2019
DEU,2020
DNK,1995
DNK,2000
DNK,2005
DNK,2006
DNK,2007
DNK,2008
DNK,2009
DNK,2010
DNK,2011
DNK,2012
DNK,2013
DNK,2014
DNK,2015
DNK,2016
DNK,2017
DNK,2018
DNK,2019
DNK,2020
ESP,1995
ESP,2000
ESP,2005
ESP,2010
ESP,2015
ESP,2020
ESP,2021
EST,1997
EST,2000
EST,2005
EST,2010
EST,2011
EST,2012
EST,2013
EST,2014
EST,2015
EST,2016
EST,2017
EST,2018
EST,2020
EST,2021
FIN,1995
FIN,1996
FIN,1997
FIN,1998
FIN,1999
FIN,2000
FIN,2001
FIN,2002
FIN,2003
FIN,2004
FIN,2005
FIN,2006
FIN,2007
FIN,2008
FIN,2009
FIN,2010
FIN,2011
FIN,2012
FIN,2013
FIN,2014
FIN,2015
FIN,2016
FIN,2017
FIN,2018
FIN,2019
FIN,2020
FIN,2021
FIN,2022
FRA,1995
FRA,1997
FRA,1999
FRA,2000
FRA,2001
FRA,2002
FRA,2003
FRA,2004
FRA,2005
FRA,2006
FRA,2007
FRA,2008
FRA,2009
FRA,2010
FRA,2011
FRA,2012
FRA,2013
FRA,2014
FRA,2015
FRA,2016
FRA,2017
FRA,2018
FRA,2019
FRA,2020
FRA,2021
GBR,1995
GBR,1997
GBR,1998
GBR,1999
GBR,2000
GBR,2001
GBR,2002
GBR,2003
GBR,2004
GBR,2005
GBR,2006
GBR,2007
GBR,2008
GBR,2009
GBR,2010
GBR,2011
GBR,2012
GBR,2013
GBR,2014
GBR,2015
GBR,2016
GBR,2017
GBR,2018
GBR,2019
GBR,2020
GBR,2021
GBR,2022
GRC,2000
GRC,2005
GRC,2010
GRC,2015
GRC,2020
HRV,2010
HRV,2011
HRV,2012
HRV,2013
HRV,2014
HRV,2015
HRV,2016
HRV,2017
HRV,2018
HRV,2019
HRV,2020
HRV,2021
HUN,1998
HUN,2000
HUN,2005
HUN,2008
HUN,2009
HUN,2010
HUN,2011
HUN,2012
HUN,2013
HUN,2014
HUN,2015
HUN,2016
HUN,2017
HUN,2018
HUN,2019
HUN,2020
HUN,2021
HUN,2022
IDN,1995
IDN,2010
IDN,2016
IRL,1998
IRL,2000
IRL,2005
IRL,2010
IRL,2011
IRL,2015
IRL,2020
ISR,2014
ITA,1995
ITA,2000
ITA,2005
ITA,2010
ITA,2011
ITA,2012
ITA,2013
ITA,2014
ITA,2015
ITA,2016
ITA,2017
ITA,2018
ITA,2019
ITA,2020
ITA,2021
JPN,1995
JPN,2000
JPN,2005
JPN,2011
JPN,2015
KAZ,2022
KOR,1995
KOR,2015
KOR,2016
KOR,2017
KOR,2018
KOR,2019
KOR,2020
LTU,2000
LTU,2005
LTU,2010
LTU,2015
LTU,2020
LVA,1996
LVA,2010
LVA,2015
LVA,2020
MEX,2008
MEX,2012
MEX,2013
MEX,2018
MLT,2010
MLT,2013
MLT,2014
MLT,2015
MYS,2015
MYS,2020
NLD,2005
NLD,2006
NLD,2007
NLD,2008
NLD,2009
NLD,2010
NLD,2011
NLD,2012
NLD,2013
NLD,2014
NLD,2015
NLD,2016
NLD,2017
NLD,2018
NLD,2019
NLD,2020
NLD,2021
NLD,2022
NOR,2001
NOR,2002
NOR,2003
NOR,2004
NOR,2005
NOR,2006
NOR,2007
NOR,2009
NOR,2010
NOR,2020
NZL,2012
NZL,2019
PER,1995
PER,2007
PHL,2012
POL,2000
POL,2005
POL,2010
POL,2015
POL,2020
PRT,1995
PRT,1999
PRT,2005
PRT,2010
PRT,2013
PRT,2015
PRT,2017
PRT,2020
ROU,2000
ROU,2003
ROU,2004
ROU,2005
ROU,2006
ROU,2008
ROU,2010
ROU,2011
ROU,2012
ROU,2013
ROU,2014
ROU,2015
ROU,2020
RUS,2016
RUS,2017
RUS,2018
RUS,2019
SGP,1995
SGP,2000
SGP,2005
SGP,2007
SGP,2010
SGP,2012
SGP,2014
SGP,2015
SGP,2016
SGP,2017
SGP,2019
SGP,2021
SGP,2022
SVK,2000
SVK,2005
SVK,2010
SVK,2011
SVK,2012
SVK,2013
SVK,2015
SVK,2018
SVK,2019
SVK,2020
SVK,2021
SVN,1996
SVN,2000
SVN,2001
SVN,2005
SVN,2009
SVN,2010
SVN,2014
SVN,2015
SVN,2020
SWE,1995
SWE,2000
SWE,2005
SWE,2008
SWE,2009
SWE,2010
SWE,2011
SWE,2012
SWE,2013
SWE,2014
SWE,2015
SWE,2016
SWE,2017
SWE,2018
SWE,2019
SWE,2020
SWE,2021
SWE,2022
THA,1995
THA,2000
THA,2005
THA,2010
TUR,2012
UKR,2003
UKR,2004
UKR,2005
UKR,2006
UKR,2007
UKR,2008
UKR,2009
UKR,2010
UKR,2011
UKR,2012
UKR,2013
UKR,2014
UKR,2015
UKR,2016
UKR,2017
UKR,2018
UKR,2019
USA,1997
USA,1998
USA,1999
USA,2000
USA,2001
USA,2002
USA,2003
USA,2004
USA,2005
USA,2006
USA,2007
USA,2008
USA,2009
USA,2010
USA,2011
USA,2012
USA,2013
USA,2014
USA,2015
USA,2016
USA,2017
USA,2018
USA,2019
USA,2020
USA,2021
